frame_id,lm_0_x,lm_0_y,lm_0_z,lm_0_vis,lm_1_x,lm_1_y,lm_1_z,lm_1_vis,lm_2_x,lm_2_y,lm_2_z,lm_2_vis,lm_3_x,lm_3_y,lm_3_z,lm_3_vis,lm_4_x,lm_4_y,lm_4_z,lm_4_vis,lm_5_x,lm_5_y,lm_5_z,lm_5_vis,lm_6_x,lm_6_y,lm_6_z,lm_6_vis,lm_7_x,lm_7_y,lm_7_z,lm_7_vis,lm_8_x,lm_8_y,lm_8_z,lm_8_vis,lm_9_x,lm_9_y,lm_9_z,lm_9_vis,lm_10_x,lm_10_y,lm_10_z,lm_10_vis,lm_11_x,lm_11_y,lm_11_z,lm_11_vis,lm_12_x,lm_12_y,lm_12_z,lm_12_vis,lm_13_x,lm_13_y,lm_13_z,lm_13_vis,lm_14_x,lm_14_y,lm_14_z,lm_14_vis,lm_15_x,lm_15_y,lm_15_z,lm_15_vis,lm_16_x,lm_16_y,lm_16_z,lm_16_vis,lm_17_x,lm_17_y,lm_17_z,lm_17_vis,lm_18_x,lm_18_y,lm_18_z,lm_18_vis,lm_19_x,lm_19_y,lm_19_z,lm_19_vis,lm_20_x,lm_20_y,lm_20_z,lm_20_vis
0,0.49727,0.66828,0.05102,0.99,0.37813,0.59309,-0.19405,0.9439,0.42981,0.3069,-0.41479,0.9282,0.64035,0.10845,-0.49834,0.9373,0.91755,-0.03726,-0.4345,0.8883,0.72675,0.08781,-0.47297,0.9448,0.8416,0.03335,-0.70754,0.989,0.73406,0.30152,-0.64371,0.9691,0.72984,0.33089,-0.60984,0.9619,0.93509,0.15149,-0.40328,0.9417,1.09668,0.08107,-0.63473,0.9406,0.87552,0.38671,-0.52482,0.99,0.89806,0.30963,-0.46877,0.9324,1.13315,0.2976,-0.27425,0.9153,1.29314,0.24348,-0.51753,0.9443,1.0223,0.46272,-0.35393,0.9866,1.01715,0.38693,-0.25191,0.9419,1.26364,0.43989,-0.15826,0.9199,1.44284,0.32293,-0.29056,0.99,1.48455,0.19438,-0.36682,0.9794,1.54963,0.0809,-0.46069,0.9418
1,0.46923,0.63754,-0.03587,0.9212,0.30467,0.5129,-0.37994,0.9538,0.40048,0.11971,-0.67828,0.9207,0.69998,-0.11011,-0.76921,0.9854,1.01124,-0.33314,-0.72438,0.9609,0.7631,-0.12401,-0.7646,0.9366,0.97403,-0.24011,-1.06957,0.99,0.79616,0.13037,-0.92886,0.9056,0.80641,0.19533,-0.90032,0.9511,1.12539,-0.08986,-0.60391,0.9177,1.2869,-0.16073,-0.95752,0.9402,1.03278,0.22767,-0.79618,0.9666,1.05416,0.15432,-0.72879,0.9343,1.33911,0.08319,-0.4695,0.9122,1.52747,0.02688,-0.80233,0.9538,1.19588,0.29858,-0.55308,0.9302,1.19774,0.24846,-0.43894,0.9544,1.54344,0.3117,-0.28461,0.9429,1.73334,0.09799,-0.44486,0.9503,1.81751,-0.02922,-0.57382,0.9391,1.91579,-0.14986,-0.64034,0.9493
2,0.52366,0.67802,-0.04108,0.9491,0.37238,0.57192,-0.33547,0.9467,0.40089,0.1703,-0.61254,0.9648,0.61905,-0.11495,-0.69977,0.972,0.91633,-0.32592,-0.58364,0.9465,0.684,-0.11037,-0.67535,0.9336,0.80623,-0.28299,-0.93368,0.9223,0.76884,0.10695,-0.88463,0.9324,0.77084,0.16234,-0.86082,0.8786,1.04251,-0.11659,-0.57171,0.974,1.17677,-0.22391,-0.88698,0.9421,0.93072,0.16844,-0.75159,0.9655,0.97017,0.11184,-0.69333,0.916,1.26764,0.0193,-0.45902,0.9449,1.46467,-0.08506,-0.76358,0.9569,1.1657,0.25167,-0.53481,0.9479,1.17488,0.18812,-0.43558,0.8839,1.49014,0.223,-0.34404,0.9484,1.63066,0.00713,-0.47963,0.9891,1.74014,-0.13177,-0.58585,0.9375,1.78186,-0.30668,-0.63828,0.94
3,0.37174,0.50411,-0.02866,0.99,0.28136,0.42575,-0.24753,0.8995,0.32954,0.15864,-0.43873,0.9276,0.48083,-0.04911,-0.49502,0.9095,0.70724,-0.20775,-0.41422,0.9885,0.54581,-0.05821,-0.47755,0.9379,0.65928,-0.16024,-0.65865,0.9438,0.56796,0.10289,-0.61659,0.9558,0.59787,0.15821,-0.60368,0.9268,0.76266,-0.04335,-0.40013,0.9439,0.90854,-0.12629,-0.58989,0.99,0.72855,0.15776,-0.5228,0.9745,0.76027,0.10383,-0.46157,0.9482,0.95451,0.03561,-0.27013,0.9799,1.0796,0.01059,-0.48487,0.9423,0.86641,0.2269,-0.37296,0.9527,0.8545,0.17986,-0.28958,0.9728,1.08673,0.20397,-0.1894,0.99,1.19837,0.03754,-0.27856,0.9618,1.26257,-0.05807,-0.3377,0.9674,1.32509,-0.14505,-0.39626,0.9571
4,0.46915,0.49915,-0.02236,0.953,0.35044,0.41186,-0.27245,0.9263,0.41493,0.12936,-0.46934,0.9034,0.60887,-0.09913,-0.51068,0.9234,0.85137,-0.21746,-0.43505,0.9328,0.68117,-0.06663,-0.51602,0.9804,0.83536,-0.18198,-0.71042,0.988,0.72237,0.0842,-0.65059,0.964,0.73917,0.15728,-0.63188,0.9553,0.90147,-0.0563,-0.40713,0.9164,1.05287,-0.12885,-0.62989,0.954,0.8682,0.15153,-0.53446,0.9418,0.87843,0.09652,-0.48374,0.8783,1.10798,0.07972,-0.2707,0.9194,1.22667,0.02391,-0.5127,0.9516,0.98763,0.25624,-0.36484,0.9599,0.99665,0.18899,-0.28533,0.99,1.24,0.22998,-0.18022,0.8948,1.36008,0.09808,-0.27154,0.9733,1.44594,-0.02751,-0.33136,0.9846,1.50368,-0.13097,-0.41114,0.9018
5,0.57266,0.61451,-0.02733,0.9756,0.43484,0.48749,-0.38158,0.9231,0.48835,0.07789,-0.67378,0.9705,0.77921,-0.1902,-0.85763,0.937,1.17073,-0.49437,-0.7889,0.9477,0.83542,-0.23135,-0.86643,0.9704,1.0192,-0.37713,-1.19281,0.9329,0.9112,0.05691,-1.05808,0.9522,0.93937,0.15449,-1.0389,0.9326,1.22106,-0.21684,-0.72508,0.9516,1.41199,-0.35165,-1.1028,0.9737,1.15168,0.1267,-0.89459,0.9517,1.17297,0.07157,-0.84624,0.9603,1.54851,-0.0738,-0.55425,0.598,1.74502,-0.13035,-0.92371,0.9752,1.37791,0.23493,-0.65165,0.99,1.37895,0.14134,-0.51762,0.9,1.79684,0.18464,-0.36297,0.9588,1.96972,-0.07413,-0.58139,0.9569,2.06834,-0.22784,-0.68721,0.9669,2.1509,-0.35144,-0.82302,0.9333
6,0.45609,0.67454,0.01592,0.9851,0.34783,0.58396,-0.22323,0.9218,0.4069,0.27298,-0.41401,0.976,0.59112,0.05467,-0.44477,0.9418,0.81894,-0.10524,-0.36488,0.9726,0.64681,0.05549,-0.44145,0.9589,0.77851,-0.04542,-0.63014,0.9697,0.70291,0.22866,-0.58676,0.9738,0.71668,0.279,-0.57509,0.9308,0.87308,0.07198,-0.327,0.9521,1.02727,-0.02758,-0.56876,0.9761,0.86138,0.27481,-0.48983,0.9707,0.85917,0.2304,-0.42565,0.9532,1.09497,0.18531,-0.23344,0.9746,1.2382,0.13075,-0.43469,0.9129,0.97828,0.36954,-0.32557,0.9345,0.96795,0.31404,-0.22114,0.9177,1.21204,0.3472,-0.10485,0.9024,1.35027,0.19855,-0.17115,0.9778,1.41477,0.07245,-0.26836,0.9588,1.47183,-0.04004,-0.31738,0.9582
7,0.40264,0.70377,-0.08654,0.9719,0.28119,0.62417,-0.34173,0.99,0.2928,0.30504,-0.54201,0.9356,0.51451,0.08734,-0.60371,0.9587,0.71133,-0.09709,-0.52083,0.9384,0.51515,0.07847,-0.5911,0.9638,0.66637,-0.0539,-0.82491,0.9411,0.60201,0.2561,-0.73963,0.9373,0.62657,0.29234,-0.71669,0.9666,0.79598,0.05603,-0.47859,0.957,0.92105,-0.02694,-0.72972,0.9889,0.76556,0.28436,-0.6168,0.9329,0.7641,0.25774,-0.55929,0.9152,0.98867,0.14674,-0.33655,0.9351,1.13644,0.1029,-0.58867,0.9497,0.91828,0.38131,-0.45099,0.9214,0.89653,0.30421,-0.35034,0.9131,1.16463,0.33117,-0.24505,0.9625,1.27569,0.13176,-0.35264,0.9867,1.31823,0.01592,-0.4136,0.9302,1.39186,-0.09638,-0.49381,0.9252
8,0.43049,0.60838,0.00134,0.9529,0.23743,0.43306,-0.35705,0.9532,0.27646,-0.04088,-0.63936,0.9715,0.60082,-0.391,-0.73434,0.9765,0.92941,-0.65018,-0.61921,0.959,0.61057,-0.37944,-0.72874,0.9253,0.87162,-0.55814,-1.05271,0.9789,0.73531,-0.13062,-0.97442,0.8559,0.77656,-0.04759,-0.93389,0.9191,1.03935,-0.38755,-0.58965,0.9469,1.21557,-0.518,-0.95561,0.965,0.98886,-0.01811,-0.79137,0.9743,1.00471,-0.08235,-0.70365,0.9019,1.36448,-0.1799,-0.40041,0.9438,1.62308,-0.29929,-0.76159,0.9651,1.23403,0.09457,-0.5433,0.9584,1.20079,0.00286,-0.39305,0.9023,1.62483,0.04166,-0.27263,0.9214,1.80141,-0.25839,-0.41836,0.8989,1.94187,-0.3926,-0.54412,0.99,1.98349,-0.58262,-0.64971,0.9079
9,0.49158,0.67719,-0.04336,0.9292,0.37187,0.5846,-0.32103,0.9843,0.42592,0.27754,-0.53472,0.943,0.66003,0.02583,-0.61974,0.9062,0.93022,-0.10454,-0.52734,0.9067,0.7197,0.01466,-0.62048,0.9605,0.89716,-0.08241,-0.85215,0.9345,0.76643,0.229,-0.76895,0.943,0.76731,0.32637,-0.75824,0.9561,0.98872,0.04487,-0.51477,0.8985,1.15841,-0.04078,-0.77433,0.9031,0.9341,0.32204,-0.65642,0.9727,0.94809,0.24127,-0.57933,0.94,1.20616,0.18662,-0.37893,0.9597,1.3924,0.15065,-0.62301,0.9797,1.10526,0.4035,-0.45713,0.9568,1.08967,0.33662,-0.34892,0.9169,1.36182,0.3855,-0.24394,0.9339,1.51865,0.1725,-0.39294,0.9329,1.59685,0.07499,-0.45989,0.9267,1.69231,-0.02063,-0.53805,0.9685
10,0.60949,0.61705,-0.0502,0.99,0.42891,0.51334,-0.37091,0.9547,0.49832,0.17536,-0.60931,0.9241,0.6835,-0.10853,-0.69208,0.9704,0.99808,-0.29812,-0.63229,0.965,0.75847,-0.09924,-0.68362,0.9617,0.92695,-0.23937,-0.93072,0.9728,0.80757,0.11472,-0.85459,0.9374,0.83666,0.17196,-0.8296,0.9818,1.05919,-0.08604,-0.57635,0.9628,1.21371,-0.21343,-0.85634,0.9744,1.01064,0.1598,-0.75389,0.9542,1.03653,0.12077,-0.69121,0.9559,1.29525,0.03631,-0.46779,0.9314,1.47867,-0.0217,-0.75617,0.9221,1.20997,0.25361,-0.56041,0.8915,1.1841,0.19612,-0.44629,0.9273,1.48576,0.23737,-0.35914,0.9546,1.63159,0.04975,-0.47501,0.9719,1.70899,-0.09831,-0.56182,0.9326,1.81482,-0.2412,-0.65607,0.9526
11,0.61023,0.48263,-0.05021,0.9391,0.43866,0.42076,-0.34444,0.99,0.43509,0.03788,-0.67798,0.9273,0.65074,-0.272,-0.77986,0.9664,0.9485,-0.52588,-0.7313,0.9173,0.72447,-0.25746,-0.75294,0.99,0.89479,-0.43602,-1.06449,0.953,0.79976,-0.02976,-0.93394,0.9308,0.82678,0.01428,-0.92216,0.9368,1.04689,-0.29219,-0.66793,0.9025,1.2194,-0.40733,-1.00096,0.9014,0.99371,0.01853,-0.82025,0.963,1.05922,-0.03636,-0.77886,0.9123,1.33595,-0.16955,-0.53307,0.9673,1.48116,-0.24501,-0.84371,0.9094,1.21192,0.09038,-0.6151,0.9435,1.19038,-0.00995,-0.49348,0.99,1.54308,0.01718,-0.37951,0.9549,1.69579,-0.2234,-0.55725,0.9018,1.74581,-0.36798,-0.6822,0.9298,1.83162,-0.50118,-0.7656,0.9347
12,0.48004,0.40665,0.02122,0.9798,0.35204,0.31865,-0.28094,0.955,0.38768,-0.0206,-0.53682,0.9177,0.61012,-0.25065,-0.61574,0.9723,0.87205,-0.43894,-0.52063,0.9637,0.67149,-0.25011,-0.58969,0.9812,0.85324,-0.37475,-0.84741,0.9175,0.7455,-0.04418,-0.76612,0.9123,0.75836,0.01502,-0.77908,0.8946,0.96654,-0.24228,-0.49394,0.9294,1.10912,-0.31742,-0.76587,0.9257,0.90506,-0.01521,-0.64448,0.914,0.95329,-0.03573,-0.56965,0.961,1.21379,-0.14151,-0.35178,0.9079,1.33105,-0.17495,-0.61564,0.9568,1.07365,0.10407,-0.4634,0.9669,1.09563,0.02127,-0.31605,0.9497,1.36814,0.0914,-0.24461,0.9546,1.49857,-0.11165,-0.34888,0.9427,1.6029,-0.24567,-0.4328,0.9595,1.67319,-0.37133,-0.55949,0.9155
13,0.66591,0.49729,0.03732,0.9213,0.44089,0.37485,-0.30253,0.9506,0.49471,-0.0207,-0.61697,0.9337,0.75605,-0.3756,-0.76957,0.99,1.12024,-0.62043,-0.70753,0.8953,0.81951,-0.35406,-0.78141,0.9854,1.0385,-0.56748,-1.10794,0.9612,0.89283,-0.07131,-0.98159,0.9703,0.9385,-0.04605,-0.93891,0.939,1.19351,-0.37054,-0.64185,0.9647,1.36837,-0.52457,-1.0068,0.99,1.13189,-0.0304,-0.83472,0.9292,1.15386,-0.09943,-0.74048,0.915,1.52753,-0.23098,-0.49684,0.9289,1.71786,-0.29643,-0.83997,0.99,1.37758,0.07581,-0.59163,0.968,1.37321,-0.01373,-0.46846,0.99,1.77239,0.00612,-0.32674,0.99,1.95127,-0.26021,-0.47784,0.9309,2.02583,-0.40128,-0.62506,0.9074,2.12183,4.49729,-0.76408,0.9292
14,0.60303,0.56159,-0.0481,0.928,0.37728,0.46079,-0.36656,0.9616,0.39841,0.01615,-0.64362,0.932,0.61601,-0.33802,-0.78943,0.9653,0.97519,-0.59222,-0.66971,0.966,0.71359,-0.32766,-0.7548,0.99,0.87663,-0.50205,-1.10812,0.928,0.74814,-0.09281,-0.99691,0.8754,0.81833,-0.02635,-0.95888,0.9504,1.07222,-0.3414,-0.64541,0.916,1.22519,-0.47025,-1.04387,0.9163,1.00464,-0.00496,-0.86709,0.973,1.03257,-0.07154,-0.78676,0.9461,1.40072,-0.19978,-0.52127,0.9681,1.54511,-0.27191,-0.89579,0.9372,1.27886,0.11894,-0.65633,0.9528,1.27357,0.03147,-0.51237,0.9764,1.65283,0.07985,-0.43971,0.9239,1.79871,-0.18209,-0.58833,0.9232,1.90132,-0.37445,-0.66944,0.9098,1.94957,-0.554,-0.80852,0.9452
15,0.59646,0.59308,-0.0089,0.9698,0.48835,0.50895,-0.29379,0.9504,0.51213,0.17355,-0.49355,0.9654,0.72982,-0.06047,-0.57651,0.9166,0.96857,-0.26001,-0.46883,0.9392,0.79276,-0.08667,-0.53862,0.9372,0.95576,-0.18604,-0.78238,0.99,0.8607,0.10845,-0.70549,0.986,0.88559,0.19118,-0.68212,0.9592,1.05722,-0.08258,-0.44837,0.99,1.22419,-0.19624,-0.6679,0.9721,1.03309,0.18059,-0.57856,0.9456,1.04089,0.14456,-0.52957,0.9558,1.26903,0.03867,-0.2824,0.9294,1.42782,-0.0261,-0.53299,0.9542,1.18975,0.25984,-0.39623,0.9478,1.16558,0.1825,-0.28429,0.9364,1.42066,0.19331,-0.15843,0.99,1.54585,0.01366,-0.28294,0.9325,1.63621,-0.09298,-0.34475,0.9623,1.70853,-0.23315,-0.42723,0.9708
16,0.60732,0.63758,0.05915,0.9613,0.4616,0.54879,-0.30259,0.982,0.56029,0.16572,-0.59254,0.9578,0.84031,-0.05077,-0.64423,0.9547,1.16562,-0.24721,-0.56443,0.9572,0.88797,-0.05362,-0.62831,0.9733,1.07957,-0.16464,-0.92453,0.986,0.94478,0.18357,-0.81985,0.99,0.97718,0.24301,-0.75891,0.8907,1.20262,-0.0104,-0.54525,0.9606,1.408,-0.11095,-0.81376,0.9552,1.16256,0.25704,-0.68541,0.9792,1.17404,0.21074,-0.6161,0.9659,1.44698,0.12471,-0.37504,0.9752,1.63761,0.08525,-0.64738,0.9532,1.32803,0.37734,-0.46607,0.9708,1.30115,0.28309,-0.3507,0.99,1.62785,0.34235,-0.18405,0.9304,1.80702,0.14135,-0.31701,0.9425,1.86577,0.0385,-0.4711,0.9682,2.02059,-0.09774,-0.54571,0.8949
17,0.60146,0.5584,0.01605,0.9173,0.45012,0.4344,-0.35004,0.99,0.53171,0.0176,-0.68027,0.9165,0.76133,-0.33686,-0.72725,0.9248,1.08687,-0.59844,-0.63738,0.9438,0.84537,-0.3516,-0.72671,0.99,1.07457,-0.51058,-1.01512,0.9487,0.98059,-0.1001,-0.95879,0.9586,0.99141,-0.02458,-0.90093,0.9382,1.22993,-0.3505,-0.56276,0.8885,1.42117,-0.50283,-0.89513,0.9624,1.19533,-0.00765,-0.76811,0.9097,1.20461,-0.09786,-0.69252,0.9886,1.51395,-0.19314,-0.38771,0.9895,1.73523,-0.3168,-0.71244,0.99,1.36525,0.07767,-0.49677,0.9753,1.36106,-0.02186,-0.35121,0.9718,1.71578,0.02361,-0.22487,0.9896,1.87362,-0.24921,-0.34087,0.9207,2.00621,-0.42788,-0.43966,0.9547,2.10626,-0.57811,-0.54111,0.9541
18,0.4003,0.54498,0.03921,0.913,0.27027,0.45858,-0.19764,0.9743,0.29676,0.1352,-0.41718,0.9748,0.49626,-0.09153,-0.46995,0.963,0.74644,-0.24472,-0.38072,0.9139,0.54654,-0.10563,-0.45925,0.9424,0.68589,-0.21434,-0.67026,0.9656,0.57465,0.07032,-0.63354,0.9367,0.61462,0.13153,-0.62358,0.9339,0.81888,-0.07356,-0.36454,0.9647,0.9255,-0.20348,-0.60187,0.99,0.75887,0.13606,-0.52852,0.9284,0.76695,0.10135,-0.49308,0.9132,1.00884,0.02164,-0.26173,0.9161,1.15176,-0.03253,-0.4981,0.9723,0.90247,0.21857,-0.37411,0.959,0.89273,0.19045,-0.25139,0.9505,1.18758,0.20831,-0.20184,0.9166,1.27972,0.03273,-0.27553,0.99,1.38188,-0.07776,-0.35896,0.9288,1.43001,-0.19328,-0.43348,0.9343
19,0.47878,0.40331,-0.09333,0.9678,0.34758,0.2943,-0.34215,0.9189,0.39943,-0.00087,-0.55871,0.9152,0.57456,-0.22853,-0.60156,0.8825,0.79335,-0.41149,-0.55052,0.9518,0.61302,-0.23095,-0.61209,0.9522,0.75,-0.3592,-0.83104,0.9525,0.69601,-0.04293,-0.77573,0.9494,0.72293,-0.01027,-0.73857,0.9308,0.89749,-0.2355,-0.52231,0.9031,1.0341,-0.32945,-0.75487,0.9728,0.84861,-0.0116,-0.64988,0.8962,0.86585,-0.04709,-0.58814,0.9535,1.09686,-0.12301,-0.40603,0.9535,1.24133,-0.1947,-0.65501,0.9639,1.00716,0.07137,-0.49331,0.9401,0.99385,0.04153,-0.39919,0.9305,1.28038,0.04936,-0.31309,0.9076,1.38982,-0.12817,-0.40892,0.9888,1.45563,-0.27518,-0.48156,0.9088,1.50263,-0.36369,-0.56937,0.9403
20,0.61778,0.4142,-0.00728,0.99,0.48976,0.34829,-0.24201,0.976,0.53169,0.09022,-0.4221,0.99,0.68212,-0.12362,-0.48623,0.931,0.901,-0.27368,-0.43675,0.9576,0.73734,-0.13325,-0.47186,0.9551,0.87209,-0.22936,-0.68186,0.9535,0.79034,0.06207,-0.62904,0.9291,0.8043,0.07966,-0.60811,0.9726,0.97611,-0.11523,-0.40429,0.9782,1.08391,-0.20773,-0.62836,0.9167,0.92868,0.08535,-0.52598,0.923,0.94965,0.04037,-0.48503,0.9435,1.16253,-0.00177,-0.30926,0.974,1.2816,-0.07115,-0.52716,0.9217,1.05742,0.16295,-0.38143,0.9652,1.07205,0.0909,-0.28736,0.9387,1.31111,0.13754,-0.21032,0.9888,1.41545,-0.01742,-0.34104,0.99,1.46689,-0.123,-0.40855,0.9661,1.53584,-0.20968,-0.47696,0.9789
21,0.56686,0.44587,0.00203,0.9262,0.41956,0.30158,-0.38179,0.99,0.498,-0.11465,-0.70194,0.9088,0.8105,-0.46962,-0.77044,0.9393,1.12989,-0.70491,-0.6234,0.9286,0.84568,-0.46388,-0.71588,0.99,1.10211,-0.6572,-1.05993,0.9528,0.99273,-0.18048,-0.96094,0.9255,1.00382,-0.13556,-0.91414,0.9503,1.2309,-0.45174,-0.57657,0.99,1.48132,-0.57337,-0.91008,0.986,1.19228,-0.10378,-0.8016,0.9248,1.19739,-0.18276,-0.6797,0.9266,1.51913,-0.30936,-0.36482,0.9151,1.73813,-0.33867,-0.71703,0.9845,1.41223,0.00438,-0.51373,0.939,1.35701,-0.07849,-0.35106,0.8998,1.75772,-0.0103,-0.18026,0.8856,1.93572,-0.29682,-0.34267,0.9883,2.04426,-0.45507,-0.42933,0.9894,2.16573,-0.6511,-0.56389,0.9347
22,0.53823,0.57231,0.0264,0.8768,0.33349,0.46002,-0.37619,0.9885,0.39869,-0.01081,-0.70939,0.99,0.64632,-0.3282,-0.83372,0.9535,1.00974,-0.59212,-0.70728,0.99,0.72461,-0.34072,-0.81008,0.976,0.93788,-0.49531,-1.16516,0.99,0.85569,-0.09825,-1.05698,0.9541,0.85859,0.00938,-1.00232,0.9377,1.12454,-0.32722,-0.68378,0.953,1.32115,-0.50981,-1.07026,0.9595,1.08104,-0.00292,-0.88067,0.9724,1.09331,-0.05369,-0.80465,0.9899,1.48633,-0.2072,-0.5122,0.9095,1.6429,-0.25691,-0.88746,0.9493,1.31621,0.11906,-0.63522,0.9474,1.28021,0.00116,-0.45897,0.9546,1.69819,0.05978,-0.34445,0.99,1.87842,-0.19569,-0.53129,0.99,1.95831,-0.41302,-0.64379,0.9585,2.07256,-0.55407,-0.76475,0.9217
23,0.50176,0.544,-0.1083,0.9349,0.28556,0.46679,-0.4072,0.974,0.29345,0.08101,-0.70646,0.893,0.51899,-0.25152,-0.78176,0.9681,0.82255,-0.46855,-0.71611,0.9249,0.5872,-0.27281,-0.77647,0.9629,0.75717,-0.39697,-1.07001,0.9409,0.68355,-0.03146,-0.98494,0.9258,0.70946,0.01188,-0.94021,0.9888,0.93598,-0.25972,-0.66918,0.9669,1.08158,-0.37926,-0.98207,0.9243,0.89073,0.02404,-0.86622,0.9486,0.92297,-0.03616,-0.76879,0.9653,1.22315,-0.13518,-0.52505,0.9587,1.37042,-0.22436,-0.83994,0.9858,1.09328,0.14048,-0.63975,0.9679,1.07095,0.0506,-0.49212,0.99,1.43265,0.06709,-0.38533,0.9584,1.58244,-0.15906,-0.55427,0.9305,1.63642,-0.30035,-0.65939,0.9124,1.70996,-0.45606,-0.76193,0.421
24,0.5141,0.55945,-0.06157,0.9525,0.38189,0.49098,-0.41437,0.9653,0.37182,0.06472,-0.6545,0.9578,0.56801,-0.26347,-0.71521,0.9693,0.79531,-0.50664,-0.56927,0.9516,0.58448,-0.27542,-0.70571,0.9703,0.80344,-0.45482,-0.95906,0.9527,0.76415,-0.07481,-0.88134,0.9756,0.78002,-0.00917,-0.82908,0.9478,0.9357,-0.32201,-0.52043,0.9283,1.0887,-0.48143,-0.83236,0.8933,0.93398,-0.03893,-0.71942,0.9305,0.94842,-0.0702,-0.65345,0.896,1.19894,-0.23838,-0.35442,0.9204,1.39989,-0.33779,-0.64824,0.9834,1.13549,0.03824,-0.51395,0.99,1.09204,-0.05499,-0.39523,0.9204,1.40022,-0.06276,-0.22423,0.9222,1.5611,-0.29179,-0.31197,0.9487,1.61689,-0.4693,-0.39629,0.9391,1.66249,-0.60362,-0.4966,0.9544
25,0.64712,0.6502,0.02897,0.9316,0.49705,0.57903,-0.27476,0.9485,0.52035,0.24571,-0.49405,0.9195,0.73209,0.01125,-0.57824,0.9255,1.00347,-0.15459,-0.49796,0.9633,0.81241,0.00625,-0.60038,0.9139,0.96517,-0.11243,-0.83913,0.9574,0.88701,0.21444,-0.74458,0.9315,0.89203,0.26316,-0.706,0.9218,1.09,0.01403,-0.4749,0.99,1.2175,-0.09312,-0.75344,0.9658,1.04862,0.23636,-0.6217,0.9822,1.06152,0.20882,-0.55693,0.9611,1.31493,0.13484,-0.34215,0.99,1.4469,0.07883,-0.61096,0.9226,1.20411,0.35945,-0.43071,0.9629,1.19487,0.26351,-0.31624,0.95,1.47449,0.29988,-0.22524,0.9864,1.62065,0.12714,-0.35085,0.9845,1.67455,-0.01617,-0.43998,0.9631,1.74655,-0.11809,-0.51886,0.9252
26,0.34327,0.61081,-0.03863,0.9376,0.15372,0.51036,-0.33632,0.9668,0.10374,0.06476,-0.56081,0.9111,0.30762,-0.26026,-0.65551,0.9199,0.60139,-0.52194,-0.58423,0.99,0.3912,-0.30087,-0.66497,0.9757,0.52625,-0.50648,-0.95044,0.9538,0.45906,-0.08297,-0.89324,0.9567,0.47602,-0.01103,-0.88438,0.9802,0.72881,-0.29955,-0.56924,0.9359,0.86554,-0.51778,-0.88819,0.9072,0.70241,-0.01868,-0.7695,0.9095,0.73307,-0.07738,-0.69691,0.9509,1.03783,-0.21079,-0.47643,0.9777,1.17868,-0.33628,-0.77875,0.9463,0.94573,0.06018,-0.61809,0.9862,0.93246,0.0101,-0.42101,0.9419,1.30611,0.02777,-0.34496,0.9411,1.3795,-0.25852,-0.50118,0.9409,1.4765,-0.44671,-0.5996,0.9451,1.52044,-0.61083,-0.66668,0.9353
27,0.48351,0.39969,-0.08544,0.9395,0.34373,0.31134,-0.47979,0.91,0.4661,-0.12191,-0.88581,0.8668,0.77534,-0.43583,-0.99615,0.9237,1.14572,-0.6554,-0.8656,0.9303,0.86034,-0.43297,-1.00016,0.9481,1.14998,-0.56431,-1.32113,0.9441,0.98023,-0.12635,-1.1739,0.9359,0.97987,-0.04403,-1.08728,0.9282,1.22975,-0.39687,-0.79328,0.8824,1.49676,-0.4857,-1.18131,0.9491,1.14528,-0.05332,-0.95353,0.9846,1.18812,-0.11672,-0.91282,0.9371,1.54388,-0.22953,-0.59458,0.99,1.79559,-0.23281,-0.91965,0.9738,1.39722,0.06292,-0.70725,0.9625,1.34817,-0.04908,-0.54963,0.9622,1.75327,0.0419,-0.36737,0.9519,1.97623,-0.20128,-0.55143,0.8992,2.13631,-0.37426,-0.68417,0.9523,2.24444,-0.52774,-0.80109,0.9097
28,0.55094,0.45012,0.0275,0.9404,0.3631,0.33653,-0.31658,0.915,0.42045,-0.06712,-0.55444,0.9514,0.63722,-0.38421,-0.6355,0.9729,0.96051,-0.59632,-0.53021,0.9519,0.72279,-0.39684,-0.60974,0.947,0.90023,-0.56048,-0.87391,0.9173,0.78835,-0.16189,-0.81299,0.925,0.81594,-0.1208,-0.82502,0.9643,1.05678,-0.39013,-0.47238,0.9367,1.22059,-0.54068,-0.80012,0.9842,0.988,-0.0855,-0.68709,0.99,1.0237,-0.19983,-0.63274,0.9108,1.34585,-0.25417,-0.36887,0.9009,1.4875,-0.36661,-0.64913,0.9758,1.20516,0.00866,-0.47742,0.9296,1.18095,-0.06644,-0.33237,0.9222,1.53137,-0.02542,-0.2213,0.99,1.67398,-0.27897,-0.36896,0.923,1.77435,-0.43415,-0.44525,0.9511,1.81514,-0.58401,-0.52192,0.981
29,0.4909,0.65598,0.10241,0.95,0.26635,0.56409,-0.30894,0.9548,0.31172,0.12792,-0.65713,0.9373,0.5942,-0.25396,-0.77163,0.9418,0.9416,-0.51019,-0.69159,0.9711,0.66934,-0.24923,-0.78076,0.9371,0.88889,-0.41947,-1.11744,0.9776,0.78333,0.06188,-1.00441,0.9531,0.81528,0.09932,-0.92434,0.9416,1.07757,-0.27017,-0.64519,0.9723,1.27454,-0.35651,-1.00027,0.913,1.03067,0.09255,-0.83266,0.8928,1.06205,0.02599,-0.7236,0.924,1.38979,-0.09229,-0.44229,0.9503,1.61191,-0.17989,-0.79279,0.9266,1.25323,0.19324,-0.56859,0.91,1.2359,0.08457,-0.39259,0.99,1.63567,0.12157,-0.25392,0.949,1.77564,-0.16911,-0.4436,0.9057,1.93033,-0.34929,-0.57604,0.9685,2.0023,-0.49198,-0.66735,0.9231
30,0.58844,0.563,-0.01233,0.99,0.41377,0.49334,-0.31777,0.9771,0.49956,0.11241,-0.64564,0.937,0.70005,-0.17355,-0.73676,0.9323,1.05331,-0.38014,-0.64202,0.9405,0.7675,-0.17552,-0.73357,0.9543,0.9552,-0.32599,-1.00841,0.9784,0.84718,0.06214,-0.91336,0.9778,0.87334,0.11207,-0.87469,0.9159,1.1276,-0.16842,-0.59666,0.9623,1.28875,-0.27085,-0.92422,0.9133,1.05301,0.12258,-0.7735,0.9569,1.08131,0.06215,-0.71699,0.8753,1.39598,-0.02537,-0.44269,0.9552,1.55981,-0.10903,-0.7783,0.9289,1.23599,0.23418,-0.56098,0.99,1.26642,0.12867,-0.44107,0.9872,1.57158,0.18368,-0.32168,0.9612,1.74903,-0.02889,-0.4626,0.9885,1.81137,-0.16588,-0.58589,0.921,1.91353,-0.31395,-0.69476,0.99
31,0.59095,0.43273,0.08403,0.9376,0.42422,0.32479,-0.27072,0.99,0.42885,-0.10888,-0.54031,0.9892,0.66892,-0.40509,-0.6038,0.9615,0.93171,-0.66736,-0.47181,0.9573,0.70166,-0.41031,-0.58569,0.9851,0.90032,-0.6225,-0.83994,0.9522,0.82913,-0.21709,-0.78395,0.9668,0.86886,-0.13199,-0.73621,0.9464,1.07004,-0.43577,-0.43081,0.9518,1.23303,-0.58394,-0.7552,0.9633,0.99981,-0.16002,-0.63497,0.9874,1.06683,-0.22635,-0.54713,0.9467,1.3451,-0.3023,-0.29435,0.929,1.50455,-0.42319,-0.57283,0.9749,1.21567,-0.0402,-0.4405,0.9633,1.2008,-0.13743,-0.29321,0.9104,1.551,-0.10721,-0.17264,0.9601,1.69123,-0.37079,-0.25144,0.957,1.76268,-0.53755,-0.35704,0.9069,1.81121,-0.68857,-0.45279,0.9694
32,0.37782,0.53047,0.10083,0.9427,0.22393,0.41492,-0.27542,0.9049,0.33721,-0.03248,-0.61063,0.9375,0.60622,-0.3255,-0.70578,0.9823,1.01989,-0.56203,-0.5864,0.9176,0.72984,-0.38111,-0.65444,0.9364,0.94047,-0.46446,-0.98291,0.99,0.79104,-0.08169,-0.93176,0.9408,0.78959,-0.00077,-0.8567,0.9587,1.08207,-0.32484,-0.51546,0.9582,1.32226,-0.43209,-0.90226,0.9864,1.02074,0.04669,-0.73061,0.9227,1.0085,-0.03918,-0.64213,0.99,1.35053,-0.11978,-0.36592,0.9638,1.62999,-0.17461,-0.73796,0.9372,1.22124,0.20283,-0.49163,0.8915,1.20028,0.04659,-0.31337,0.9398,1.55518,0.15261,-0.19949,0.9452,1.79825,-0.08626,-0.33088,0.9621,1.9164,-0.25663,-0.44937,0.9703,2.01824,-0.41843,-0.58199,0.982
33,0.41859,0.49795,0.09554,0.9211,0.31308,0.38747,-0.27787,0.9568,0.44172,-0.01055,-0.56308,0.9294,0.74436,-0.27629,-0.60648,0.9278,1.06476,-0.48821,-0.50504,0.9762,0.80563,-0.29365,-0.60662,0.99,1.05725,-0.40751,-0.86821,0.9641,0.87326,-0.01441,-0.78295,0.959,0.88746,0.05063,-0.77064,0.9779,1.13819,-0.25301,-0.43273,0.9622,1.37787,-0.33302,-0.73849,0.9893,1.05604,0.06413,-0.60303,0.9506,1.07651,0.00475,-0.53918,0.9539,1.3708,-0.08933,-0.26539,0.92,1.59572,-0.13569,-0.52676,0.9777,1.22302,0.19016,-0.36607,0.8922,1.18807,0.04951,-0.22283,0.9362,1.53274,0.17724,-0.03643,0.9357,1.74169,-0.03992,-0.17608,0.9704,1.85304,-0.18837,-0.26471,0.927,2.00041,-0.31464,-0.37419,0.9317
34,0.57932,0.54262,0.08587,0.9747,0.35462,0.41771,-0.24725,0.9458,0.3817,0.01181,-0.566,0.9598,0.63583,-0.30332,-0.67291,0.9342,0.96135,-0.5434,-0.63851,0.9735,0.69108,-0.3212,-0.65228,0.9308,0.84449,-0.46165,-1.00831,0.99,0.75382,-0.02651,-0.891,0.9421,0.78034,-0.00286,-0.87787,0.9424,1.08553,-0.29692,-0.59143,0.9828,1.21788,-0.42228,-0.94209,0.9319,0.99538,0.01797,-0.77203,0.9106,1.01555,-0.03002,-0.72726,0.9134,1.38138,-0.13339,-0.47405,0.9337,1.55679,-0.19997,-0.82054,0.9766,1.22909,0.15428,-0.56788,0.976,1.23443,0.04185,-0.43357,0.9154,1.64231,0.09247,-0.36626,0.9001,1.80716,-0.15176,-0.52851,0.927,1.87822,-0.32644,-0.66317,0.9394,1.95057,-0.45314,-0.72569,0.9083
35,0.35183,0.64209,0.04441,0.99,0.22526,0.5673,-0.23594,0.9854,0.28363,0.27776,-0.42365,0.9092,0.50345,0.0553,-0.49726,0.9284,0.7293,-0.12095,-0.43098,0.9496,0.55072,0.04735,-0.48755,0.8968,0.68546,-0.04591,-0.75096,0.9899,0.58854,0.25585,-0.66882,0.9045,0.60742,0.30179,-0.64931,0.99,0.80556,0.0721,-0.42181,0.9302,0.93047,-0.01794,-0.6616,0.9121,0.7542,0.29045,-0.55745,0.9176,0.76547,0.2496,-0.51109,0.9358,1.01128,0.18844,-0.30308,0.9661,1.14946,0.13088,-0.54866,0.99,0.89773,0.39703,-0.37364,0.9063,0.90381,0.30837,-0.27493,0.9199,1.17756,0.37567,-0.19291,0.9793,1.30316,0.20992,-0.29453,0.9514,1.38918,0.07809,-0.36997,0.946,1.44318,-0.02357,-0.44152,0.9624
36,0.53028,0.46175,0.03841,0.9579,0.41558,0.36899,-0.3342,0.9409,0.50921,-0.07024,-0.62783,0.974,0.78101,-0.42151,-0.70181,0.968,1.08814,-0.67771,-0.51776,0.9825,0.85786,-0.42382,-0.68343,0.9243,1.10765,-0.57966,-0.94033,0.9755,1.01009,-0.14653,-0.86292,0.9465,1.03581,-0.09063,-0.82511,0.9381,1.20924,-0.40549,-0.43009,0.9811,1.4561,-0.55456,-0.72746,0.9091,1.17007,-0.08112,-0.66431,0.9424,1.17477,-0.15426,-0.57876,0.9492,1.49366,-0.30795,-0.22674,0.9444,1.74846,-0.3826,-0.47626,0.9645,1.36318,0.00936,-0.36193,0.9286,1.3213,-0.08362,-0.23867,0.9735,1.67928,-0.06025,0.00569,0.9128,1.8749,-0.30236,-0.12521,0.9663,1.99348,-0.47901,-0.2301,0.9113,2.1127,-0.6569,-0.29343,0.9889
37,0.36706,0.65628,-0.02563,0.9187,0.25685,0.57621,-0.27907,0.9072,0.3367,0.31949,-0.47223,0.9397,0.52459,0.12851,-0.512,0.9555,0.73336,-0.0214,-0.4348,0.8596,0.5595,0.11711,-0.52171,0.973,0.72149,0.04657,-0.69451,0.9438,0.6234,0.28363,-0.61753,0.9854,0.65585,0.3421,-0.59598,0.9439,0.79777,0.11382,-0.37942,0.9588,0.9512,0.05252,-0.58555,0.9432,0.76556,0.31392,-0.51427,0.9136,0.75686,0.29671,-0.45874,0.9338,0.95133,0.23643,-0.26706,0.9281,1.11391,0.18322,-0.4492,0.968,0.86927,0.40989,-0.34656,0.9395,0.84832,0.35444,-0.25446,0.9479,1.06621,0.36199,-0.1221,0.9714,1.21399,0.2278,-0.23541,0.8883,1.2795,0.10722,-0.27721,0.9766,1.35687,0.0331,-0.35122,0.9253
38,0.43546,0.62867,-0.09843,0.9577,0.27574,0.52252,-0.46481,0.9874,0.31927,0.11799,-0.71151,0.9349,0.55548,-0.20596,-0.79282,0.9638,0.8916,-0.43121,-0.71387,0.955,0.65172,-0.19685,-0.80192,0.99,0.83496,-0.36139,-1.11794,0.8641,0.72538,0.04168,-0.99161,0.9028,0.75442,0.11048,-0.9431,0.9491,0.99828,-0.20326,-0.65326,0.906,1.20009,-0.3516,-0.97553,0.9546,0.94427,0.08549,-0.81815,0.916,0.94815,0.02394,-0.74548,0.99,1.2505,-0.06739,-0.51284,0.94,1.47898,-0.14335,-0.80523,0.9353,1.14424,0.2195,-0.63101,0.9307,1.13514,0.12042,-0.49998,0.9316,1.47742,0.16415,-0.38079,0.9575,1.63777,-0.0868,-0.53617,0.9624,1.7538,-0.21397,-0.62584,0.968,1.83156,-0.39029,-0.69624,0.9375
39,0.46669,0.50659,-0.0413,0.9301,0.22823,0.34531,-0.40743,0.9293,0.20553,-0.1121,-0.67063,0.9625,0.455,-0.43909,-0.77077,0.9431,0.80984,-0.64761,-0.68899,0.9536,0.55233,-0.44398,-0.77885,0.9652,0.70694,-0.64541,-1.1315,0.99,0.58476,-0.1935,-1.04881,0.99,0.62179,-0.1315,-1.02561,0.99,0.94294,-0.4581,-0.69023,0.9775,1.07114,-0.58603,-1.05515,0.8995,0.81565,-0.13003,-0.90426,0.99,0.8844,-0.18367,-0.84944,0.9376,1.2544,-0.25123,-0.6247,0.9553,1.39778,-0.37376,-0.95791,0.9397,1.08596,0.04886,-0.73564,0.8678,1.09804,-0.06597,-0.53881,0.9472,1.5045,0.00017,-0.47523,0.9154,1.63397,-0.30619,-0.63406,0.9179,1.72737,-0.469,-0.75397,0.99,1.81628,-0.62803,-0.89294,0.9718
